{
    "cellSize":{
        "max": 750,
        "min": 5,
        "step": 1,
        "text": "Cell Size",
        "type": "slider",
        "value": 100
    },
    "offsetStrength":{
        "max": 5000,
        "min": 500,
        "step": 0.1,
        "text": "Wave Strength",
        "type": "slider",
        "value": 1000
    },
    "bgColor":{
        "text": "Background Color",
        "type": "color",
        "value": "#000000"
    },
    "noiseScale":{
        "max": 5,
        "min": 0.1,
        "step": 0.1,
        "text": "Wave Zoom",
        "type": "slider",
        "value": 1
    },
    "framerate":{
        "max": 240,
        "min": 1,
        "step": 1,
        "text": "Framerate",
        "type": "slider",
        "value": 60
    },
    "speed":{
        "max": 10000,
        "min": 100,
        "step": 1,
        "text": "Wave Speed (Lower is faster)",
        "type": "slider",
        "value": 4000
    },
    "colorSpeed":{
        "max": 25000,
        "min": 100,
        "step": 1,
        "text": "Color Speed (Lower is faster)",
        "type": "slider",
        "value": 4000
    },
    "lineWidth":{
        "max": 50,
        "min": 1,
        "step": 1,
        "text": "Line Width",
        "type": "slider",
        "value": 1
    },
    "seeTrough": {
        "type": "checkbox",
        "value": false,
        "text": "See Trough"
    }
}